cropGroup,cropType ,cropExamples,Outdoor,Indoor
Field crops,"Cereals, Maize, Oilseeds, Dry pulses","wheat, barley, oats, rye, oilseed rape, sunflower, poppy, soya bean, field bean, chick pea, dry soya bean, lupin, combining pea, cotton, rice",1,1
Low vegetables,"Brassica, Bulb, Fruiting, Legume, Leaf vegetables and fresh herbs, Root, tuber and bulb vegetables, Stem vegetables ","Brassica vegetables - broccoli, cauliflower, Brussels sprout, cabbage
Fruiting vegetables - aubergine, tomato, pepper, courgette, cucumber, melon, sweet corn
Legume vegetables - vining pea, edible podded pea
Leaf vegetables and fresh herbs - lettuce, spinach, spinach beet, basil, parsley
Root, tuber and bulb vegetables - sugar beet, potato, sweet potato, carrot, celeriac, Jerusalem artichoke, parsnip, swede, turnip, garlic, bulb onion, shallot, fennel, cucumber/zucchini, bell pepper/eggplant, rhubarb
Stem vegetables - asparagus, celery, leek, rhubarb",1,0
Low vegetables,"Leaf vegetables, fresh herbs and stem vegetables ","Lettuce, spinach",0,1
High vegetables,Fruiting vegetables,"Aubergine, tomato, pepper, courgette, cucumber, melon, egg plant",0,1
High vegetables,Tall legume vegetables,Runner beans,1,0
Low berries,Berries and other small fruits ,,1,1
Cane fruit/High berries,"Cane fruit, bush fruit","Cane fruit - blackberry, Logan berry, raspberry
Bush fruit - blueberry, blackcurrant, redcurrant, rose hips, elderberry, gooseberry",1,1
Low ornamentals,Low ornamentals ,Floriculture,1,1
High ornamentals,High ornamentals ,"Trees and shrubs, flowering and foliage plants, roses",1,1
Viticulture,Grapes,table and wine grapes,1,1
Orchards,"
Fruit and nuts","Tree nuts (hazelnut, walnut, almond), pome fruit (apple, pear, quince), stone fruit (apricot, cherry, peach, plum, nectarine, mango, date), citrus",1,0
Oil fruits,Oil fruits (high),"olives, oil palm",1,0
Hops,Hops ,Hops,1,0
Agricultural grassland,Agricultural grassland,"grass fodder crops and similar forage crops eg short and long term grass leys, meadows, permanent pasture, Lucerne or alfalfa, clovers",1,0
Amenity grassland,Amenity grassland and managed amenity turf ,"semi-natural or planted grassland such as golf course roughs, frequently mown areas, grass grown for turf production, public parks, sports turf, golf greens, tees and fairways",1,0
Bare arable land,Bare soil,,1,0
Bare non arable land,"Non-cultivated land, paths and places with/without woody plants",,1,1
Strawberry (indoor),For indoor applications strawberry is considered a high berry.,,0,1
Strawberry (outdoor),For outdoor applications strawberry is considered a low berry.,,1,0
Bare non arable land (railway track),Only railway tracks,,1,0
