cropGroup,granules,productCategory,TM,HHTank,HHKnap,HHTrolley,Manual,downward,areaTM,areaHHTank,areaHHKnap,areaHHTrolley,areaManual,scenario,density,mainCrop,season
Field crops ,0,other,1,0,0,0,0,1,50,0,0,0,0,outdoor,normal,Field crops,NA
Field crops ,0,herbicide,1,0,0,0,0,1,50,0,0,0,0,outdoor,normal,Field crops,NA
Field crops ,1,other,1,0,0,0,1,1,50,0,0,0,1,outdoor,normal,NA,NA
Field crops ,1,herbicide,1,0,0,0,1,1,50,0,0,0,1,outdoor,normal,NA,NA
Hops ,0,other,1,1,1,0,0,0,10,4,1,0,0,outdoor,normal,Hops,NA
Hops ,0,herbicide,1,1,1,0,0,1,10,4,1,0,0,outdoor,normal,Field crops,NA
Hops ,1,other,1,0,0,0,1,1,10,0,0,0,1,outdoor,normal,NA,NA
Hops ,1,herbicide,1,0,0,0,1,1,10,0,0,0,1,outdoor,normal,NA,NA
Viticulture ,0,other,1,1,1,0,0,0,10,4,1,0,0,outdoor,normal,Grapes,NA
Viticulture ,0,herbicide,1,1,1,0,0,1,10,4,1,0,0,outdoor,normal,Field crops,NA
Viticulture ,1,other,1,0,0,0,1,1,10,0,0,0,1,outdoor,normal,NA,NA
Viticulture ,1,herbicide,1,0,0,0,1,1,10,0,0,0,1,outdoor,normal,NA,NA
Orchards ,0,other,1,1,1,0,0,0,10,4,1,0,0,outdoor,normal,Fruit crops,Early season;Late season
Orchards ,0,other,0,1,1,0,0,0,0,1,1,0,0,outdoor,dense,Fruit crops,Early season;Late season
Orchards ,0,herbicide,1,1,1,0,0,1,10,4,1,0,0,outdoor,normal,Field crops,NA
Orchards ,1,other,1,0,0,0,1,1,10,0,0,0,1,outdoor,normal,NA,NA
Orchards ,1,herbicide,1,0,0,0,1,1,10,0,0,0,1,outdoor,normal,NA,NA
Oil fruits,0,other,1,1,1,0,0,0,10,4,1,0,0,outdoor,normal,Fruit crops,Late season
Oil fruits,0,herbicide,1,1,1,0,0,1,10,4,1,0,0,outdoor,normal,Field crops,NA
Oil fruits,1,other,1,0,0,0,1,1,10,0,0,0,1,outdoor,normal,NA,NA
Oil fruits,1,herbicide,1,0,0,0,1,1,10,0,0,0,1,outdoor,normal,NA,NA
Cane fruit/High berries,0,other,1,1,1,0,0,0,10,4,1,0,0,outdoor,normal,Fruit crops,Early season;Late season
Cane fruit/High berries,0,other,0,1,1,0,0,0,0,1,1,0,0,outdoor,dense,Fruit crops,Early season;Late season
Cane fruit/High berries,0,herbicide,1,1,1,0,0,1,10,4,1,0,0,outdoor,normal,Field crops,NA
Cane fruit/High berries,1,other ,1,0,0,0,1,1,10,0,0,0,1,outdoor,normal,NA,NA
Cane fruit/High berries,1,herbicide,1,0,0,0,1,1,10,0,0,0,1,outdoor,normal,NA,NA
Cane fruit/High berries,0,other,0,1,1,1,0,0,0,1,1,1,0,indoor,normal,Grapes,NA
Cane fruit/High berries,0,other,0,1,1,0,0,0,0,1,1,0,0,indoor,dense,Grapes,NA
Cane fruit/High berries,0,herbicide,0,1,1,0,0,1,0,1,1,0,0,indoor,normal,Field crops,NA
Cane fruit/High berries,0,herbicide,0,1,1,0,0,1,0,1,1,0,0,indoor,dense,Field crops,NA
Cane fruit/High berries,1,other,0,0,0,0,1,1,0,0,0,0,1,indoor,normal,NA,NA
Cane fruit/High berries,1,herbicide,0,0,0,0,1,1,0,0,0,0,1,indoor,normal,NA,NA
Low berries ,0,other,1,1,1,0,0,1,50,4,1,0,0,outdoor,normal,Field crops,NA
Low berries ,0,herbicide,1,1,1,0,0,1,50,4,1,0,0,outdoor,normal,Field crops,NA
Low berries ,1,other,1,0,0,0,1,1,50,0,0,0,1,outdoor,normal,NA,NA
Low berries ,1,herbicide ,1,0,0,0,1,1,50,0,0,0,1,outdoor,normal,NA,NA
Low berries ,0,other,0,1,1,0,0,1,0,1,1,0,0,indoor,normal,Field crops,NA
Low berries ,0,other,0,1,1,0,0,1,0,1,1,0,0,indoor,dense,Field crops,NA
Low berries ,0,other,0,1,1,1,0,0,0,1,1,1,0,indoor,normal,Field crops,NA
Low berries ,0,other,0,1,1,0,0,0,0,1,1,0,0,indoor ,dense,Field crops,NA
Low berries ,0,herbicide ,0,1,1,0,0,1,0,1,1,0,0,indoor,normal,Field crops,NA
Low berries ,0,herbicide ,0,1,1,0,0,1,0,1,1,0,0,indoor,dense,Field crops,NA
Low berries ,1,other,0,0,0,0,1,1,0,0,0,0,1,indoor,normal,NA,NA
Low berries ,1,herbicide,0,0,0,0,1,1,0,0,0,0,1,indoor,normal,NA,NA
Low vegetables ,0,other,1,1,1,0,0,1,50,4,1,0,0,outdoor,normal,Field crops,NA
Low vegetables ,0,herbicide,1,1,1,0,0,1,50,4,1,0,0,outdoor,normal,Field crops,NA
Low vegetables ,1,other,1,0,0,0,1,1,50,0,0,0,1,outdoor,normal,NA,NA
Low vegetables ,1,herbicide,1,0,0,0,1,1,50,0,0,0,1,outdoor,normal,NA,NA
Low vegetables ,0,other,0,1,1,0,0,1,0,1,1,0,0,indoor,normal,Field crops,NA
Low vegetables ,0,other,0,1,1,0,0,1,0,1,1,0,0,indoor,dense,Field crops,NA
Low vegetables ,0,herbicide,0,1,1,0,0,1,0,1,1,0,0,indoor,dense,Field crops,NA
Low vegetables ,0,herbicide,0,1,1,0,0,1,0,1,1,0,0,indoor,normal,Field crops,NA
Low vegetables ,1,other,0,0,0,0,1,1,0,0,0,0,1,indoor,normal,NA,NA
Low vegetables ,1,herbicide,0,0,0,0,1,1,0,0,0,0,1,indoor,normal,NA,NA
High vegetables ,0,other,0,1,1,1,0,0,0,1,1,1,0,indoor,normal,Grapes,NA
High vegetables ,0,other,0,1,1,0,0,0,0,1,1,0,0,indoor,dense,Grapes,NA
High vegetables ,0,herbicide,0,1,1,0,0,1,0,1,1,0,0,indoor,normal,Field crops,NA
High vegetables ,0,herbicide,0,1,1,0,0,1,0,1,1,0,0,indoor,dense,Field crops,NA
High vegetables ,1,other,0,0,0,0,1,1,0,0,0,0,1,indoor,normal,NA,NA
High vegetables ,1,herbicide,0,0,0,0,1,1,0,0,0,0,1,indoor,normal,NA,NA
High vegetables ,0,other,1,1,1,0,0,0,10,4,1,0,0,outdoor,normal,Grapes,NA
High vegetables ,0,herbicide,1,1,1,0,0,1,10,4,1,0,0,outdoor,normal,Field crops,NA
High vegetables ,1,other,1,0,0,0,1,1,10,0,0,0,1,outdoor,normal,NA,NA
High vegetables ,1,herbicide,1,0,0,0,1,1,10,0,0,0,1,outdoor,normal,NA,NA
Low ornamentals ,0,other,1,1,1,0,0,1,50,4,1,0,0,outdoor,normal,Field crops,NA
Low ornamentals,0,herbicide,1,1,1,0,0,1,50,4,1,0,0,outdoor,normal,Field crops,NA
Low ornamentals,1,other,1,0,0,0,1,1,50,0,0,0,1,outdoor,normal,NA,NA
Low ornamentals,1,herbicide,1,0,0,0,1,1,50,0,0,0,1,outdoor,normal,NA,NA
Low ornamentals,0,other,0,1,1,0,0,1,0,1,1,0,0,indoor,normal,Field crops,NA
Low ornamentals,0,other,0,1,1,0,0,1,0,1,1,0,0,indoor,dense,Field crops,NA
Low ornamentals,0,herbicide,0,1,1,0,0,1,0,1,1,0,0,indoor,normal,Field crops,NA
Low ornamentals,0,herbicide,0,1,1,0,0,1,0,1,1,0,0,indoor,dense,Field crops,NA
Low ornamentals,1,other,0,0,0,0,1,1,0,0,0,0,1,indoor,normal,NA,NA
Low ornamentals,1,herbicide,0,0,0,0,1,1,0,0,0,0,1,indoor,normal,NA,NA
High ornamentals ,0,other,1,1,1,0,0,0,10,4,1,0,0,outdoor,normal,Grapes,NA
High ornamentals,0,herbicide,1,1,1,0,0,1,10,4,1,0,0,outdoor,normal,Field crops,NA
High ornamentals,1,other,1,0,0,0,1,1,10,0,0,0,1,outdoor,normal,NA,NA
High ornamentals,1,herbicide,1,0,0,0,1,1,10,0,0,0,1,outdoor,normal,NA,NA
High ornamentals,0,other,0,1,1,1,0,0,0,1,1,1,0,indoor,normal,Grapes,NA
High ornamentals,0,other,0,1,1,0,0,0,0,1,1,0,0,indoor,dense,Grapes,NA
High ornamentals,0,herbicide,0,1,1,0,0,1,0,1,1,0,0,indoor,normal,Field crops,NA
High ornamentals,0,herbicide,0,1,1,0,0,1,0,1,1,0,0,indoor,dense,Field crops,NA
High ornamentals,1,other,0,0,0,0,1,1,0,0,0,0,1,indoor,normal,NA,NA
High ornamentals,1,herbicide,0,0,0,0,1,1,0,0,0,0,1,indoor,normal,NA,NA
Amenity grassland,0,other,1,1,1,0,0,1,50,4,1,0,0,outdoor,normal,Field crops,NA
Amenity grassland,0,herbicide,1,1,1,0,0,1,50,4,1,0,0,outdoor,normal,Field crops,NA
Amenity grassland,1,other,1,0,0,0,1,1,50,0,0,0,1,outdoor,normal,NA,NA
Amenity grassland,1,herbicide,1,0,0,0,1,1,50,0,0,0,1,outdoor,normal,NA,NA
Agricultural grassland ,0,other,1,0,0,0,0,1,50,0,0,0,0,outdoor,normal,Field crops,NA
Agricultural grassland ,0,herbicide,1,0,0,0,0,1,50,0,0,0,0,outdoor,normal,Field crops,NA
Agricultural grassland ,1,other,1,0,0,0,1,1,50,0,0,0,1,outdoor,normal,NA,NA
Agricultural grassland ,1,herbicide,1,0,0,0,1,1,50,0,0,0,1,outdoor,normal,NA,NA
Bare arable land ,0,other,1,0,0,0,0,1,50,0,0,0,0,outdoor,normal,Field crops,NA
Bare arable land,0,herbicide,1,0,0,0,0,1,50,0,0,0,0,outdoor,normal,Field crops,NA
Bare arable land,1,other,1,0,0,0,1,1,50,0,0,0,1,outdoor,normal,NA,NA
Bare arable land,1,herbicide,1,0,0,0,1,1,50,0,0,0,1,outdoor,normal,NA,NA
Bare arable land,0,other,0,1,1,0,0,1,0,1,1,0,0,indoor,normal,Field crops,NA
Bare arable land,0,herbicide,0,1,1,0,0,1,0,1,1,0,0,indoor,normal,Field crops,NA
Bare arable land,1,other,0,0,0,0,1,1,0,0,0,0,1,indoor,normal,NA,NA
Bare arable land,1,herbicide,0,0,0,0,1,1,0,0,0,0,1,indoor,normal,NA,NA
Bare non arable land,0,other,1,1,1,0,0,1,10,4,1,0,0,outdoor,normal,Field crops,NA
Bare non arable land,0,herbicide,1,1,1,0,0,1,10,4,1,0,0,outdoor,normal,Field crops,NA
Bare non arable land (railway track),0,other,1,0,0,0,0,1,50,0,0,0,0,outdoor,normal,Field crops,NA
Bare non arable land (railway track),0,herbicide,1,0,0,0,0,1,50,0,0,0,0,outdoor,normal,Field crops,NA
Bare non arable land,1,other,1,0,0,0,1,1,10,0,0,0,1,outdoor,normal,NA,NA
Bare non arable land,1,herbicide,1,0,0,0,1,1,10,0,0,0,1,outdoor,normal,NA,NA
Strawberry (indoor),0,other,0,1,1,1,0,0,0,1,1,1,0,indoor,normal,Grapes,NA
Strawberry (indoor),0,other,0,1,1,0,0,0,0,1,1,0,0,indoor,dense,Grapes,NA
Strawberry (indoor),0,herbicide,0,1,1,0,0,1,0,1,1,0,0,indoor,normal,Field crops,NA
Strawberry (indoor),0,herbicide,0,1,1,0,0,1,0,1,1,0,0,indoor,dense,Field crops,NA
Strawberry (indoor),1,other,0,0,0,0,1,1,0,0,0,0,1,indoor,normal,NA,NA
Strawberry (indoor),1,herbicide,0,0,0,0,1,1,0,0,0,0,1,indoor,normal,NA,NA
Strawberry (outdoor),0,other,1,1,1,0,0,1,50,4,1,0,0,outdoor,normal,Field crops,NA
Strawberry (outdoor),0,herbicide,1,0,0,0,0,1,50,0,0,0,0,outdoor,normal,Field crops,NA
Strawberry (outdoor),1,other,1,0,0,0,1,1,50,0,0,0,1,outdoor,normal,NA,NA
Strawberry (outdoor),1,herbicide,1,0,0,0,1,1,50,0,0,0,1,outdoor,normal,NA,NA
