cropGroup,Activity,ActivityTSF,Hours,bodyPartsInvolved,potentialExpo,workwear,workwearGloves,gloves,indoor,productCategory,TSF
Field crops,"Inspection, irrigation",NA,2,Hand; body,12500,1400,1250,NA,1,NA,NA
Field crops,Hand harvesting (Only sweet corn),NA,8,Hand; body,NA,23000,NA,NA,1,NA,NA
Hops,"Inspection, irrigation",NA,2,Hand; body,12500,1400,1250,NA,1,NA,NA
Hops,Harvest,NA,8,Hand; body,30000,10100,NA,NA,1,NA,NA
Viticulture,Hand harvesting,NA,8,Hand; body,30000,10100,NA,NA,1,NA,NA
Viticulture,"Inspection, irrigation",NA,2,Hand; body,12500,1400,1250,NA,1,NA,NA
Orchards,Maintenance/thinning,NA,8,Hand; body,22500,4500,2250,NA,1,NA,NA
Orchards,"Inspection, irrigation",NA,2,Hand; body,12500,1400,1250,NA,1,NA,NA
Orchards,"Searching, reaching, picking",NA,8,Hand; body,12500,3500,1250,NA,1,NA,NA
Oil fruits,"Searching, reaching, picking",NA,8,Hand; body,22500,4500,2250,NA,1,NA,NA
Oil fruits,"Inspection, irrigation",NA,2,Hand; body,12500,1400,1250,NA,1,NA,NA
Cane fruit/High berries,"Searching, reaching, picking","Harvesting, including cutting and bundling",8,Hand; body,22500,4500,2250,NA,1,other,0.1
Cane fruit/High berries,"Searching, reaching, picking","Harvesting, including cutting and bundling",8,Hand; body,22500,4500,2250,NA,1,herbicide,0.01
Cane fruit/High berries,"Inspection, irrigation",General maintenance,8,Hand; body,12500,1400,1250,NA,1,both,0.01
Cane fruit/High berries,"Inspection, irrigation","Inspection, watering",2,Hand; body,12500,1400,1250,NA,1,both,0.01
Low berries,"Reaching, picking","Harvesting, including cutting and bundling",8,"Hand, forearm",5800,3000,750,NA,1,other,0.1
Low berries,"Reaching, picking","Harvesting, including cutting and bundling",8,"Hand, forearm",5800,3000,750,NA,1,herbicide,0.01
Low berries,"Inspection, irrigation",General maintenance,8,Hand; body,12500,1400,1250,NA,1,both,0.01
Low berries,"Inspection, irrigation","Inspection, watering",2,Hand; body,12500,1400,1250,NA,1,both,0.01
Low vegetables,"Reaching, picking (all except Brassica)","Harvesting, including cutting and bundling",8,Hand; body,5800,2500,580,NA,1,other,0.1
Low vegetables,"Reaching, picking (all except Brassica)","Harvesting, including cutting and bundling",8,Hand; body,5800,2500,580,NA,1,herbicide,0.01
Low vegetables,"Inspection, irrigation (All)",General maintenance,8,Hand; body,12500,1400,1250,NA,1,both,0.01
Low vegetables,"Inspection, irrigation (All)","Inspection, watering",2,Hand; body,12500,1400,1250,NA,1,both,0.01
Low vegetables,removing bolting sugar beets ,NA,8,Hand; body,18600,4400,430,14300,0,NA,NA
Low vegetables,Harvest (Brassica only),"Harvesting, including cutting and bundling",8,Hand; body,NA,5000,NA,NA,1,other,0.1
Low vegetables,Maintenance (Brassica only),General maintenance,8,Hand; body,NA,5000,NA,NA,1,both,0.01
Low vegetables,Harvest (Brassica only),"Harvesting, including cutting and bundling",8,Hand; body,NA,5000,NA,NA,1,herbicide,0.01
Low ornamentals,"Cutting, sorting, bundling, carrying","Harvesting, including cutting and bundling",8,Hand; body,14000,5000,1400,NA,1,other,0.1
Low ornamentals,"Cutting, sorting, bundling, carrying","Harvesting, including cutting and bundling",8,Hand; body,14000,5000,1400,NA,1,herbicide,0.01
Low ornamentals,"Inspection, irrigation",General maintenance,8,Hand; body,12500,1400,1250,NA,1,both,0.01
Low ornamentals,"Inspection, irrigation","Inspection, watering",2,Hand; body,12500,1400,1250,NA,1,both,0.01
High ornamentals,"Cutting, sorting, bundling, carrying","Harvesting, including cutting and bundling",8,Hand; body,14000,5000,1400,NA,1,other,0.1
High ornamentals,"Cutting, sorting, bundling, carrying","Harvesting, including cutting and bundling",8,Hand; body,14000,5000,1400,NA,1,herbicide,0.01
High ornamentals,"Inspection, irrigation",General maintenance,8,Hand; body,12500,1400,1250,NA,1,both,0.01
High ornamentals,"Inspection, irrigation","Inspection, watering",2,Hand; body,12500,1400,1250,NA,1,both,0.01
Amenity grassland,"Turf harvesting, cutting and handling",NA,8,Hand; body,NA,8800,NA,NA,1,NA,NA
Amenity grassland,"Inspection, irrigation",NA,2,Hand; body,12500,1400,1250,NA,1,NA,NA
Agricultural grassland,"Inspection, irrigation",NA,2,Hand; body,12500,1400,1250,NA,1,NA,NA
Bare arable land,Contact with treated soil,NA,8,Hand; body,NA,NA,NA,NA,1,both,NA
Bare arable land,Inspection without contact with treated soil,NA,2,Hand; body,NA,NA,NA,NA,1,both,NA
High vegetables,"Reaching, picking","Harvesting, including cutting and bundling",8,Hand; body,5800,2500,580,NA,1,other,0.1
High vegetables,"Reaching, picking","Harvesting, including cutting and bundling",8,Hand; body,5800,2500,580,NA,1,herbicide,0.01
High vegetables,"Inspection, irrigation",General maintenance,8,Hand; body,12500,1400,1250,NA,1,both,0.01
High vegetables,"Inspection, irrigation","Inspection, watering",2,Hand; body,12500,1400,1250,NA,1,both,0.01
Bare non arable land,NA,NA,NA,NA,NA,NA,NA,NA,1,NA,NA
Strawberry (indoor),"Searching, reaching, picking","Harvesting, including cutting and bundling",8,Hand; body,22500,4500,2250,NA,1,other,0.1
Strawberry (indoor),"Searching, reaching, picking","Harvesting, including cutting and bundling",8,Hand; body,22500,4500,2250,NA,1,herbicide,0.01
Strawberry (indoor),"Inspection, irrigation",General maintenance,8,Hand; body,12500,1400,1250,NA,1,both,0.01
Strawberry (indoor),"Inspection, irrigation","Inspection, watering",2,Hand; body,12500,1400,1250,NA,1,other,0.01
Strawberry (outdoor),"Reaching, picking",NA,8,"Hand, forearm",5800,3000,750,NA,0,other,NA
Strawberry (outdoor),"Inspection, irrigation",NA,2,Hand; body,12500,1400,1250,NA,1,other,NA
Bare non arable land (railway track),NA,NA,NA,NA,NA,NA,NA,NA,0,NA,NA
