d_AirConVol,Concentration in air of moderately volatile substances,0.015,mg/m3
d_AirConNonVol,Concentration in air of low volatile substances,0.001,mg/m3
d_AreaHM,Surface area of hands mouthed,20,cm2
d_BreathRAd,Breathing rate adult residents,0.27,m3/day/kg
d_BreathRCh,Breathing rate child (1-3 year old) residents,0.8,m3/day/kg
d_BwAdult,Adult body weight,60,kg
d_BwChild,Child body weight (1 to < 3 year olds),10,kg
d_ByBreathRAd,Breathing rate adult bystander,0.053,m3/hours/kg
d_ByBreathRCh,Breathing rate child (1-3 year old) bystander,0.228,m3/hours/kg
d_ByExpDur,Duration for surface deposits exposure,2,hours
d_ByFreqHM,Frequency of hand to mouth activity,20,events/hour
d_ByTCAd,Transfer coeff. of surface deposits-adult,14500,cm2/hour
d_ByTCCh,Transfer coeff. of surface deposits-child (1-3 year old),5200,cm2/hour
d_ClothAF,Light clothing adjustment factor resident and bystanders,18.0%,
d_DRP,Dislodgeable residues percentage transferability for object to mouth,20.0%,
d_InhalTcAut,Inhalation transfer coefficient for automated applications with worker rentry-roof fogger and low volume mist,0.15,ha/hr*10^(-3)
d_InhalTcOrn,Inhalation transfer coefficient for cutting and sorting ornamentals,0.1,ha/hr*10^(-3)
d_MouthGrass,Ingestion rate for mouthing of grass per day,25,cm2 grass/day
d_ReExpDur,Exposure duration resident dermal,2,hours
d_ReExpDurInhal,Exposure duration resident inhalation,24,hours
d_ExpDurTreatCrop,Exposure duration for resident and bystander entry into treated crops,0.25,hours
d_ReFreqHM,Frequency of hand to mouth activity,9.5,events/hour
d_ReTCAd,Transfer coeff. of surface deposits-adult,7300,cm2/hour
d_ReTCCh,Transfer coeff. of surface deposits-child (1-3 year old),2600,cm2/hour
d_SalExt,Saliva extraction percentage,50.0%,
d_TcEntryAd,Transfer coefficient for entry into treated crops 75th percentile - adult,7500,cm2/h
d_TcEntryCh,Transfer coefficient for entry into treated crops 75th percentile - child,2250,cm2/h
d_TcEntryMeanAd,Transfer coefficient for entry into treated crops mean - adult,5980,cm2/h
d_TcEntryMeanCh,Transfer coefficient for entry into treated crops mean - child,1794,cm2/h
d_TurfGranules,"Turf transferable residues percentage – granules, fine granules",1.0%,
d_TurfSoluble,Turf transferable residues percentage – solubles,5.0%,
d_PctExtrapolation,For exposure value 75 percentiles above this amount linear extrapolation is performed,1.5,kg
d_PctExtrapolationIndoorNormal,For exposure value 75 percentiles above this amount linear extrapolation is performed – indoor normal,0.6,kg
d_PctExtrapolationIndoorDense,For exposure value 75 percentiles above this amount linear extrapolation is performed – indoor dense,0.075,kg
d_PctExtrapolationIndoorDenseRain,For exposure value 75 percentiles above this amount linear extrapolation is performed – indoor dense with rain trousers,0.086,kg
d_head75ProtectionFactor,Cooefficient to estimate head protection factor 75 th Percentile,1.79422,
d_head95ProtectionFactor,Cooefficient to estimate head protection factor 95 Percentile,1.24705,
d_soilDepth,Bare soil depth,5,cm
d_soilLoading,Hand soil loading,0.44,mg soil/cm² skin
d_handSurface,Hand surface,820,cm² skin
d_soilDensity,Soil density,1500,mg soil/cm³ soil
d_dustExp,Inhalation dust exposure,98.6,mg dust/m³ air
d_inhalationRate,Inhalation rate worker,1.25,m³ air/h
