id,substance,aoel,aaoel,pressure,oral,inhalation,molecularWeight,vapourConcentrationExp,concentration,mlDermal
0a2d1a3a-e86b-45b3-9293-a51bbc23325a,legolin 1,0.05,0.1,1E-05,100,100,299,NA,300,5
0a2d1a3a-e86b-45b3-9293-a51bbc23325a,NA,NA,NA,NA,NA,NA,NA,NA,3,10
0a2d1a3a-e86b-45b3-9293-a51bbc23325a,NA,NA,NA,NA,NA,NA,NA,NA,1,15
4c45d016-ab95-43f4-a91f-fe76edc25b42,legolin 2,0.1,0.2,1E-05,100,100,325,NA,150,2
4c45d016-ab95-43f4-a91f-fe76edc25b42,NA,NA,NA,NA,NA,NA,NA,NA,1.5,4
4c45d016-ab95-43f4-a91f-fe76edc25b42,NA,NA,NA,NA,NA,NA,NA,NA,0.5,6
