use,substance,crop,productConcentration,dilutionConcentration,defaultDermal,apDermal,dfr0,dt50,worker,dfrSpecWorker,dt50FoliarWorker,dt50AirWorker,dt50SoilWorker,res,dfrSpecRes,dt50Res,bys,dfrSpecBys,dt50Bys,idSubstance,idCrop
Use 1,legolin 1,Field crops,300,1,TRUE,15,3,30,FALSE,3,30,30,30,FALSE,3,30,FALSE,3,30,0a2d1a3a-e86b-45b3-9293-a51bbc23325a,a42cc080-cfd0-4ac5-ae01-a62eeda0d548
Use 1,legolin 2,Field crops,150,0.5,TRUE,6,3,30,FALSE,3,30,30,30,FALSE,3,30,FALSE,3,30,4c45d016-ab95-43f4-a91f-fe76edc25b42,a42cc080-cfd0-4ac5-ae01-a62eeda0d548
Use 2,legolin 1,Orchards,150,0.5,TRUE,30,3,30,FALSE,3,30,30,30,FALSE,3,30,FALSE,3,30,0a2d1a3a-e86b-45b3-9293-a51bbc23325a,f34af04a-f261-41e9-bf31-e3fb58c09d56
Use 2,legolin 2,Orchards,75,0.25,TRUE,12,3,30,FALSE,3,30,30,30,FALSE,3,30,FALSE,3,30,4c45d016-ab95-43f4-a91f-fe76edc25b42,f34af04a-f261-41e9-bf31-e3fb58c09d56
