Match MixLoad,Outdoor/Indoor,Formulation type,Application method,Application equipment,Type of exposure,Mixing & Loading 75th percentile,Mixing & Loading 95th percentile,Mixing & Loading Comments,Mixing & Loading Model,Application 75th percentile,Application 95th percentile,Application Comments,Application Model
"IndoorGranules, fine granulesApplication of granulesManualBody",Indoor,"Granules, fine granules",Manual application of granules,Manual,Body,,,Value for application is for combination of mixing&loading and application,PHED,69,253,"Exposure value originally included use of PPE, calculated potential exposure is 100 times higher assuming a ‘worst case’ reduction factor of 1% for gloves/coverall",PHED
"IndoorGranules, fine granulesApplication of granulesManualHands",Indoor,"Granules, fine granules",Manual application of granules,Manual,Hands,,,Value for application is for combination of mixing&loading and application,PHED,29,94,"Exposure value originally included use of PPE, calculated potential exposure is 100 times higher assuming a ‘worst case’ reduction factor of 1% for gloves/coverall",PHED
"IndoorGranules, fine granulesApplication of granulesManualInhalation",Indoor,"Granules, fine granules",Manual application of granules,Manual,Inhalation,,,Value for application is for combination of mixing&loading and application,PHED,0.47,1.5,,PHED
"OutdoorGranules, fine granulesBroadcast application of granulesVehicle-mountedBody",Outdoor,"Granules, fine granules",Broadcast application of granules,Vehicle-mounted,Body,0.016,0.043,"Exposure value originally included use of PPE, calculated potential exposure is 100 times higher assuming a ‘worst case’ reduction factor of 1% for gloves/coverall",PHED,0.0047,0.015,"Exposure value originally included use of PPE, calculated potential exposure is 100 times higher assuming a ‘worst case’ reduction factor of 1% for gloves/coverall",PHED
"OutdoorGranules, fine granulesBroadcast application of granulesVehicle-mountedHands",Outdoor,"Granules, fine granules",Broadcast application of granules,Vehicle-mounted,Hands,0.0015,0.0069,"Exposure value originally included use of PPE, calculated potential exposure is 100 times higher assuming a ‘worst case’ reduction factor of 1% for gloves/coverall",PHED,0.00041,0.0013,"Exposure value originally included use of PPE, calculated potential exposure is 100 times higher assuming a ‘worst case’ reduction factor of 1% for gloves/coverall",PHED
"OutdoorGranules, fine granulesBroadcast application of granulesVehicle-mountedInhalation",Outdoor,"Granules, fine granules",Broadcast application of granules,Vehicle-mounted,Inhalation,0.021,0.078,,PHED,0.0012,0.0045,,PHED
"OutdoorGranules, fine granulesIn furrow application of granulesVehicle-mountedBody",Outdoor,"Granules, fine granules",In furrow application of granules,Vehicle-mounted,Body,0.016,0.043,"Exposure value originally included use of PPE, calculated potential exposure is 100 times higher assuming a ‘worst case’ reduction factor of 1% for gloves/coverall",PHED,0.0047,0.015,"Exposure value originally included use of PPE, calculated potential exposure is 100 times higher assuming a ‘worst case’ reduction factor of 1% for gloves/coverall",PHED
"OutdoorGranules, fine granulesIn furrow application of granulesVehicle-mountedHands",Outdoor,"Granules, fine granules",In furrow application of granules,Vehicle-mounted,Hands,0.0015,0.0069,"Exposure value originally included use of PPE, calculated potential exposure is 100 times higher assuming a ‘worst case’ reduction factor of 1% for gloves/coverall",PHED,0.00041,0.0013,"Exposure value originally included use of PPE, calculated potential exposure is 100 times higher assuming a ‘worst case’ reduction factor of 1% for gloves/coverall",PHED
"OutdoorGranules, fine granulesIn furrow application of granulesVehicle-mountedInhalation",Outdoor,"Granules, fine granules",In furrow application of granules,Vehicle-mounted,Inhalation,0.021,0.078,,PHED,0.0012,0.0045,,PHED
"OutdoorGranules, fine granulesManual application of granulesManualBody",Outdoor,"Granules, fine granules",Manual application of granules,Manual,Body,,,Value for application is for combination of mixing&loading and application,PHED,69,253,"Exposure value originally included use of PPE, calculated potential exposure is 100 times higher assuming a ‘worst case’ reduction factor of 1% for gloves/coverall",PHED
"OutdoorGranules, fine granulesManual application of granulesManualHands",Outdoor,"Granules, fine granules",Manual application of granules,Manual,Hands,,,Value for application is for combination of mixing&loading and application,PHED,29,94,"Exposure value originally included use of PPE, calculated potential exposure is 100 times higher assuming a ‘worst case’ reduction factor of 1% for gloves/coverall",PHED
"OutdoorGranules, fine granulesManual application of granulesManualInhalation",Outdoor,"Granules, fine granules",Manual application of granules,Manual,Inhalation,,,Value for application is for combination of mixing&loading and application,PHED,0.47,1.5,,PHED
