mlBody,mlHands,mlHead,mlInhalation,apBody,apHands,apHead,apInhalation,scenario
None,None,None,None,None,None,None,None,outdoor
Protected Body,None,None,None,Protected Body,None,None,None,outdoor
Protected Body,Protected Hands,None,None,Protected Body,None,None,None,outdoor
Protected Body,Protected Hands,Faceshield,None,Protected Body,None,None,None,outdoor
Protected Body,Protected Hands,"FP1, P1 and similar","FP1, P1 and similar",Protected Body,None,None,None,outdoor
Protected Body,Protected Hands,"FP2, P2 and similar","FP2, P2 and similar",Protected Body,None,None,None,outdoor
Protected Body,Protected Hands,None,None,Protected Body,Protected Hands,None,None,outdoor
Protected Body,Protected Hands,Faceshield,None,Protected Body,Protected Hands,None,None,outdoor
Protected Body,Protected Hands,"FP1, P1 and similar","FP1, P1 and similar",Protected Body,Protected Hands,None,None,outdoor
Protected Body,Protected Hands,"FP2, P2 and similar","FP2, P2 and similar",Protected Body,Protected Hands,None,None,outdoor
Protected Body,Protected Hands,Faceshield,None,Protected Body,Protected Hands,Hood,None,outdoorHC
Protected Body,Protected Hands,"FP1, P1 and similar","FP1, P1 and similar",Protected Body,Protected Hands,Hood,None,outdoorHC
Protected Body,Protected Hands,"FP2, P2 and similar","FP2, P2 and similar",Protected Body,Protected Hands,Hood,None,outdoorHC
Protected Body,Protected Hands,Faceshield,None,Protected Body,Protected Hands,Faceshield,None,outdoorHC
Protected Body,Protected Hands,"FP1, P1 and similar","FP1, P1 and similar",Protected Body,Protected Hands,Faceshield,None,outdoorHC
Protected Body,Protected Hands,"FP2, P2 and similar","FP2, P2 and similar",Protected Body,Protected Hands,Faceshield,None,outdoorHC
Protected Body,Protected Hands,Faceshield,None,Protected Body,Protected Hands,Hood and faceshield,None,outdoorHC
Protected Body,Protected Hands,"FP1, P1 and similar","FP1, P1 and similar",Protected Body,Protected Hands,Hood and faceshield,None,outdoorHC
Protected Body,Protected Hands,"FP2, P2 and similar","FP2, P2 and similar",Protected Body,Protected Hands,Hood and faceshield,None,outdoorHC
Protected Body,Protected Hands,Faceshield,None,Protected Body,Protected Hands,"FP1, P1 and similar","FP1, P1 and similar",outdoor
Protected Body,Protected Hands,Faceshield,None,Protected Body,Protected Hands,"FP2, P2 and similar","FP2, P2 and similar",outdoor
Protected Body,Protected Hands,"FP1, P1 and similar","FP1, P1 and similar",Protected Body,Protected Hands,"FP1, P1 and similar","FP1, P1 and similar",outdoor
Protected Body,Protected Hands,"FP2, P2 and similar","FP2, P2 and similar",Protected Body,Protected Hands,"FP2, P2 and similar","FP2, P2 and similar",outdoor
Protected Body,Protected Hands,None,None,Closed cabin,Closed cabin,Closed cabin,Closed cabin,outdoorHC
Protected Body,Protected Hands,Faceshield,None,Closed cabin,Closed cabin,Closed cabin,Closed cabin,outdoorHC
Protected Body,Protected Hands,"FP1, P1 and similar","FP1, P1 and similar",Closed cabin,Closed cabin,Closed cabin,Closed cabin,outdoorHC
Protected Body,Protected Hands,"FP2, P2 and similar","FP2, P2 and similar",Closed cabin,Closed cabin,Closed cabin,Closed cabin,outdoorHC
None,None,None,None,None,None,None,None,indoor
Protected Body,None,None,None,Protected Body,None,None,None,indoor
Protected Body,Protected Hands,None,None,Protected Body,None,None,None,indoor
Protected Body,Protected Hands,Faceshield,None,Protected Body,None,None,None,indoor
Protected Body,Protected Hands,"FP1, P1 and similar","FP1, P1 and similar",Protected Body,None,None,None,indoor
Protected Body,Protected Hands,"FP2, P2 and similar","FP2, P2 and similar",Protected Body,None,None,None,indoor
Protected Body,Protected Hands,None,None,Protected Body,Protected Hands,None,None,indoor
Protected Body,Protected Hands,Faceshield,None,Protected Body,Protected Hands,None,None,indoor
Protected Body,Protected Hands,"FP1, P1 and similar","FP1, P1 and similar",Protected Body,Protected Hands,None,None,indoor
Protected Body,Protected Hands,"FP2, P2 and similar","FP2, P2 and similar",Protected Body,Protected Hands,None,None,indoor
Protected Body,Protected Hands,Faceshield,None,Protected Body,Protected Hands,Hood,None,indoorHC
Protected Body,Protected Hands,"FP1, P1 and similar","FP1, P1 and similar",Protected Body,Protected Hands,Hood,None,indoorHC
Protected Body,Protected Hands,"FP2, P2 and similar","FP2, P2 and similar",Protected Body,Protected Hands,Hood,None,indoorHC
Protected Body,Protected Hands,Faceshield,None,Protected Body,Protected Hands,Faceshield,None,indoorHC
Protected Body,Protected Hands,"FP1, P1 and similar","FP1, P1 and similar",Protected Body,Protected Hands,Faceshield,None,indoorHC
Protected Body,Protected Hands,"FP2, P2 and similar","FP2, P2 and similar",Protected Body,Protected Hands,Faceshield,None,indoorHC
Protected Body,Protected Hands,Faceshield,None,Protected Body,Protected Hands,Hood and faceshield,None,indoorHC
Protected Body,Protected Hands,"FP1, P1 and similar","FP1, P1 and similar",Protected Body,Protected Hands,Hood and faceshield,None,indoorHC
Protected Body,Protected Hands,"FP2, P2 and similar","FP2, P2 and similar",Protected Body,Protected Hands,Hood and faceshield,None,indoorHC
Protected Body,Protected Hands,"FP1, P1 and similar","FP1, P1 and similar",Protected Body,Protected Hands,"FP1, P1 and similar","FP1, P1 and similar",indoor
Protected Body,Protected Hands,"FP2, P2 and similar","FP2, P2 and similar",Protected Body,Protected Hands,"FP2, P2 and similar","FP2, P2 and similar",indoor
None,None,None,None,None,None,None,None,indoorDenseLow
Protected Body,None,None,None,Protected Body,None,None,None,indoorDenseLow
Protected Body,Protected Hands,None,None,Protected Body,None,None,None,indoorDenseLow
Protected Body,Protected Hands,Faceshield,None,Protected Body,None,None,None,indoorDenseLow
Protected Body,Protected Hands,"FP1, P1 and similar","FP1, P1 and similar",Protected Body,None,None,None,indoorDenseLow
Protected Body,Protected Hands,"FP2, P2 and similar","FP2, P2 and similar",Protected Body,None,None,None,indoorDenseLow
Protected Body,Protected Hands,None,None,Protected Body,Protected Hands,None,None,indoorDenseLow
Protected Body,Protected Hands,Faceshield,None,Protected Body,Protected Hands,None,None,indoorDenseLow
Protected Body,Protected Hands,"FP1, P1 and similar","FP1, P1 and similar",Protected Body,Protected Hands,None,None,indoorDenseLow
Protected Body,Protected Hands,"FP2, P2 and similar","FP2, P2 and similar",Protected Body,Protected Hands,None,None,indoorDenseLow
Protected Body,Protected Hands,Faceshield,None,Rain suit Protected Body,Protected Hands,Rain suit Head,Rain suit Inhalation,indoorDenseLow
Protected Body,Protected Hands,"FP1, P1 and similar","FP1, P1 and similar",Rain suit Protected Body,Protected Hands,Rain suit Head,Rain suit Inhalation,indoorDenseLow
Protected Body,Protected Hands,"FP2, P2 and similar","FP2, P2 and similar",Rain suit Protected Body,Protected Hands,Rain suit Head,Rain suit Inhalation,indoorDenseLow
Protected Body,Protected Hands,Faceshield,None,Rain suit Protected Body,Protected Hands,"FP1, P1 and similar","FP1, P1 and similar",indoorDenseLow
Protected Body,Protected Hands,Faceshield,None,Rain suit Protected Body,Protected Hands,"FP2, P2 and similar","FP2, P2 and similar",indoorDenseLow
Protected Body,Protected Hands,"FP1, P1 and similar","FP1, P1 and similar",Rain suit Protected Body,Protected Hands,"FP1, P1 and similar","FP1, P1 and similar",indoorDenseLow
Protected Body,Protected Hands,"FP2, P2 and similar","FP2, P2 and similar",Rain suit Protected Body,Protected Hands,"FP2, P2 and similar","FP2, P2 and similar",indoorDenseLow
None,None,None,None,None,None,None,None,indoorDenseHigh
Protected Body,None,None,None,Protected Body,None,None,None,indoorDenseHigh
Protected Body,Protected Hands,None,None,Protected Body,None,None,None,indoorDenseHigh
Protected Body,Protected Hands,Faceshield,None,Protected Body,None,None,None,indoorDenseHigh
Protected Body,Protected Hands,"FP1, P1 and similar","FP1, P1 and similar",Protected Body,None,None,None,indoorDenseHigh
Protected Body,Protected Hands,"FP2, P2 and similar","FP2, P2 and similar",Protected Body,None,None,None,indoorDenseHigh
Protected Body,Protected Hands,None,None,Protected Body,Protected Hands,None,None,indoorDenseHigh
Protected Body,Protected Hands,Faceshield,None,Protected Body,Protected Hands,None,None,indoorDenseHigh
Protected Body,Protected Hands,"FP1, P1 and similar","FP1, P1 and similar",Protected Body,Protected Hands,None,None,indoorDenseHigh
Protected Body,Protected Hands,"FP2, P2 and similar","FP2, P2 and similar",Protected Body,Protected Hands,None,None,indoorDenseHigh
Protected Body,Protected Hands,Faceshield,None,Rain suit Protected Body,Protected Hands,None,None,indoorDenseHigh
Protected Body,Protected Hands,"FP1, P1 and similar","FP1, P1 and similar",Rain suit Protected Body,Protected Hands,None,None,indoorDenseHigh
Protected Body,Protected Hands,"FP2, P2 and similar","FP2, P2 and similar",Rain suit Protected Body,Protected Hands,None,None,indoorDenseHigh
Protected Body,Protected Hands,Faceshield,None,Coverall Body,Protected Hands,None,None,indoorDenseHigh
Protected Body,Protected Hands,"FP1, P1 and similar","FP1, P1 and similar",Coverall Body,Protected Hands,None,None,indoorDenseHigh
Protected Body,Protected Hands,"FP2, P2 and similar","FP2, P2 and similar",Coverall Body,Protected Hands,None,None,indoorDenseHigh
Protected Body,Protected Hands,Faceshield,None,Rain suit Protected Body,Protected Hands,Hood,None,indoorDenseHigh
Protected Body,Protected Hands,"FP1, P1 and similar","FP1, P1 and similar",Rain suit Protected Body,Protected Hands,Hood,None,indoorDenseHigh
Protected Body,Protected Hands,"FP2, P2 and similar","FP2, P2 and similar",Rain suit Protected Body,Protected Hands,Hood,None,indoorDenseHigh
Protected Body,Protected Hands,Faceshield,None,Coverall Body,Protected Hands,Hood,None,indoorDenseHigh
Protected Body,Protected Hands,"FP1, P1 and similar","FP1, P1 and similar",Coverall Body,Protected Hands,Hood,None,indoorDenseHigh
Protected Body,Protected Hands,"FP2, P2 and similar","FP2, P2 and similar",Coverall Body,Protected Hands,Hood,None,indoorDenseHigh
Protected Body,Protected Hands,Faceshield,None,Rain suit Protected Body,Protected Hands,Faceshield,None,indoorDenseHigh
Protected Body,Protected Hands,"FP1, P1 and similar","FP1, P1 and similar",Rain suit Protected Body,Protected Hands,Faceshield,None,indoorDenseHigh
Protected Body,Protected Hands,"FP2, P2 and similar","FP2, P2 and similar",Rain suit Protected Body,Protected Hands,Faceshield,None,indoorDenseHigh
Protected Body,Protected Hands,Faceshield,None,Coverall Body,Protected Hands,Faceshield,None,indoorDenseHigh
Protected Body,Protected Hands,"FP1, P1 and similar","FP1, P1 and similar",Coverall Body,Protected Hands,Faceshield,None,indoorDenseHigh
Protected Body,Protected Hands,"FP2, P2 and similar","FP2, P2 and similar",Coverall Body,Protected Hands,Faceshield,None,indoorDenseHigh
Protected Body,Protected Hands,Faceshield,None,Rain suit Protected Body,Protected Hands,Hood and faceshield,None,indoorDenseHigh
Protected Body,Protected Hands,"FP1, P1 and similar","FP1, P1 and similar",Rain suit Protected Body,Protected Hands,Hood and faceshield,None,indoorDenseHigh
Protected Body,Protected Hands,"FP2, P2 and similar","FP2, P2 and similar",Rain suit Protected Body,Protected Hands,Hood and faceshield,None,indoorDenseHigh
Protected Body,Protected Hands,Faceshield,None,Coverall Body,Protected Hands,Hood and faceshield,None,indoorDenseHigh
Protected Body,Protected Hands,"FP1, P1 and similar","FP1, P1 and similar",Coverall Body,Protected Hands,Hood and faceshield,None,indoorDenseHigh
Protected Body,Protected Hands,"FP2, P2 and similar","FP2, P2 and similar",Coverall Body,Protected Hands,Hood and faceshield,None,indoorDenseHigh
Protected Body,Protected Hands,Faceshield,None,Rain suit Protected Body,Protected Hands,"FP1, P1 and similar","FP1, P1 and similar",indoorDenseHigh
Protected Body,Protected Hands,Faceshield,None,Rain suit Protected Body,Protected Hands,"FP2, P2 and similar","FP2, P2 and similar",indoorDenseHigh
Protected Body,Protected Hands,"FP1, P1 and similar","FP1, P1 and similar",Rain suit Protected Body,Protected Hands,"FP1, P1 and similar","FP1, P1 and similar",indoorDenseHigh
Protected Body,Protected Hands,"FP2, P2 and similar","FP2, P2 and similar",Rain suit Protected Body,Protected Hands,"FP2, P2 and similar","FP2, P2 and similar",indoorDenseHigh
Protected Body,Protected Hands,Faceshield,None,Coverall Body,Protected Hands,"FP1, P1 and similar","FP1, P1 and similar",indoorDenseHigh
Protected Body,Protected Hands,Faceshield,None,Coverall Body,Protected Hands,"FP2, P2 and similar","FP2, P2 and similar",indoorDenseHigh
Protected Body,Protected Hands,"FP1, P1 and similar","FP1, P1 and similar",Coverall Body,Protected Hands,"FP1, P1 and similar","FP1, P1 and similar",indoorDenseHigh
Protected Body,Protected Hands,"FP2, P2 and similar","FP2, P2 and similar",Coverall Body,Protected Hands,"FP2, P2 and similar","FP2, P2 and similar",indoorDenseHigh
None,None,None,None,None,None,None,None,granules
Protected Body,None,None,None,Protected Body,None,None,None,granules
Protected Body,Protected Hands,None,None,Protected Body,None,None,None,granules
Protected Body,Protected Hands,"FP1, P1 and similar","FP1, P1 and similar",Protected Body,None,None,None,granules
Protected Body,Protected Hands,"FP2, P2 and similar","FP2, P2 and similar",Protected Body,None,None,None,granules
Protected Body,Protected Hands,None,None,Protected Body,Protected Hands,None,None,granules
Protected Body,Protected Hands,"FP1, P1 and similar","FP1, P1 and similar",Protected Body,Protected Hands,None,None,granules
Protected Body,Protected Hands,"FP2, P2 and similar","FP2, P2 and similar",Protected Body,Protected Hands,None,None,granules
Protected Body,Protected Hands,"FP1, P1 and similar","FP1, P1 and similar",Protected Body,Protected Hands,"FP1, P1 and similar","FP1, P1 and similar",granules
Protected Body,Protected Hands,"FP2, P2 and similar","FP2, P2 and similar",Protected Body,Protected Hands,"FP2, P2 and similar","FP2, P2 and similar",granules
