mlBody,mlHands,mlHead,mlInhalation,apBody,apHands,apHead,apInhalation,scenario
None,None,None,None,None,None,None,None,outdoor
Protected Body,None,None,None,None,None,None,None,outdoor
Protected Body,None,None,None,Protected Body,None,None,None,outdoor
Protected Body,Protected Hands,None,None,None,None,None,None,outdoor
Protected Body,Protected Hands,None,None,Protected Body,None,None,None,outdoor
Protected Body,Protected Hands,None,None,Protected Body,Protected Hands,None,None,outdoor
Protected Body,Protected Hands,None,None,Protected Body,Protected Hands,Hood,None,outdoor
Protected Body,Protected Hands,None,None,Protected Body,Protected Hands,Hood and visor,None,outdoor
Protected Body,Protected Hands,None,None,Protected Body,Protected Hands,RPE,RPE,outdoor
Protected Body,Protected Hands,None,None,Protected Body,Protected Hands,Closed cabin,Closed cabin,outdoor
Protected Body,Protected Hands,Hood and visor,None,Protected Body,None,None,None,outdoor
Protected Body,Protected Hands,Hood and visor,None,Protected Body,Protected Hands,None,None,outdoor
Protected Body,Protected Hands,Hood and visor,None,Protected Body,Protected Hands,Hood,None,outdoor
Protected Body,Protected Hands,Hood and visor,None,Protected Body,Protected Hands,Hood and visor,None,outdoor
Protected Body,Protected Hands,Hood and visor,None,Protected Body,Protected Hands,RPE,RPE,outdoor
Protected Body,Protected Hands,Hood and visor,None,Protected Body,Protected Hands,Closed cabin,Closed cabin,outdoor
Protected Body,Protected Hands,RPE,RPE,Protected Body,None,None,None,outdoor
Protected Body,Protected Hands,RPE,RPE,Protected Body,Protected Hands,None,None,outdoor
Protected Body,Protected Hands,RPE,RPE,Protected Body,Protected Hands,Hood,None,outdoor
Protected Body,Protected Hands,RPE,RPE,Protected Body,Protected Hands,Hood and visor,None,outdoor
Protected Body,Protected Hands,RPE,RPE,Protected Body,Protected Hands,RPE,RPE,outdoor
Protected Body,Protected Hands,RPE,RPE,Protected Body,Protected Hands,Closed cabin,Closed cabin,outdoor
None,None,None,None,None,None,None,None,indoor
Protected Body,None,None,None,Protected Body,None,None,None,indoor
Protected Body,Protected Hands,None,None,Protected Body,None,None,None,indoor
Protected Body,Protected Hands,None,None,Protected Body,Protected Hands,None,None,indoor
Protected Body,Protected Hands,Visor,None,Protected Body,Protected Hands,None,None,indoor
Protected Body,Protected Hands,Visor,None,Protected Body,Protected Hands,Visor,None,indoor
Protected Body,Protected Hands,None,None,Protected Body,Protected Hands,Hood,None,indoor
Protected Body,Protected Hands,Visor,None,Protected Body,Protected Hands,Hood and visor,None,indoor
Protected Body,None,RPE,RPE,Protected Body,None,None,None,indoor
Protected Body,None,RPE,RPE,Protected Body,None,RPE,RPE,indoor
Protected Body,Protected Hands,RPE,RPE,Protected Body,None,None,None,indoor
Protected Body,Protected Hands,RPE,RPE,Protected Body,Protected Hands,None,None,indoor
Protected Body,Protected Hands,RPE,RPE,Protected Body,Protected Hands,RPE,RPE,indoor
Protected Body,Protected Hands,RPE,RPE,Protected Body,Protected Hands,Hood; RPE,RPE,indoor
None,None,None,None,None,None,None,None,indoorDenseLow
Protected Body,None,None,None,Protected Body,None,None,None,indoorDenseLow
Protected Body,Protected Hands,None,None,Protected Body,None,None,None,indoorDenseLow
Protected Body,Protected Hands,None,None,Protected Body,Protected Hands,None,None,indoorDenseLow
Protected Body,None,None,None,Rain Suit Body,None,None,None,indoorDenseLow
Protected Body,Protected Hands,None,None,Rain Suit Body,None,None,None,indoorDenseLow
Protected Body,Protected Hands,None,None,Rain Suit Body,Protected Hands,None,None,indoorDenseLow
Protected Body,Protected Hands,Visor,None,Rain Suit Body,Protected Hands,None,None,indoorDenseLow
Protected Body,Protected Hands,Visor,None,Rain Suit Body,Protected Hands,Visor,None,indoorDenseLow
Protected Body,Protected Hands,RPE,RPE,Protected Body,None,None,None,indoorDenseLow
Protected Body,Protected Hands,RPE,RPE,Rain Suit Body,None,None,None,indoorDenseLow
Protected Body,Protected Hands,RPE,RPE,Rain Suit Body,Protected Hands,None,None,indoorDenseLow
Protected Body,Protected Hands,RPE,RPE,Rain Suit Body,Protected Hands,RPE,RPE,indoorDenseLow
Protected Body,None,RPE,RPE,Protected Body,None,None,None,indoorDenseLow
Protected Body,None,RPE,RPE,Protected Body,None,RPE,RPE,indoorDenseLow
Protected Body,None,RPE,RPE,Rain Suit Body,None,RPE,RPE,indoorDenseLow
None,None,None,None,None,None,None,None,indoorDenseHigh
Protected Body,None,None,None,Protected Body,None,None,None,indoorDenseHigh
Protected Body,Protected Hands,None,None,Protected Body,None,None,None,indoorDenseHigh
Protected Body,Protected Hands,None,None,Protected Body,Protected Hands,None,None,indoorDenseHigh
Protected Body,None,None,None,Coverall Body,None,None,None,indoorDenseHigh
Protected Body,None,None,None,Rain Suit Body,None,None,None,indoorDenseHigh
Protected Body,Protected Hands,None,None,Coverall Body,None,None,None,indoorDenseHigh
Protected Body,Protected Hands,None,None,Rain Suit Body,None,None,None,indoorDenseHigh
Protected Body,Protected Hands,None,None,Coverall Body,Protected Hands,None,None,indoorDenseHigh
Protected Body,Protected Hands,None,None,Rain Suit Body,Protected Hands,None,None,indoorDenseHigh
Protected Body,Protected Hands,Visor,None,Rain Suit Body,Protected Hands,None,None,indoorDenseHigh
Protected Body,Protected Hands,Visor,None,Rain Suit Body,Protected Hands,Visor,None,indoorDenseHigh
Protected Body,Protected Hands,None,None,Rain Suit Body,Protected Hands,Hood,None,indoorDenseHigh
Protected Body,Protected Hands,Visor,None,Rain Suit Body,Protected Hands,Hood and visor,None,indoorDenseHigh
Protected Body,Protected Hands,RPE,RPE,Protected Body,None,None,None,indoorDenseHigh
Protected Body,Protected Hands,RPE,RPE,Coverall Body,None,None,None,indoorDenseHigh
Protected Body,Protected Hands,RPE,RPE,Rain Suit Body,None,None,None,indoorDenseHigh
Protected Body,Protected Hands,RPE,RPE,Coverall Body,Protected Hands,None,None,indoorDenseHigh
Protected Body,Protected Hands,RPE,RPE,Rain Suit Body,Protected Hands,None,None,indoorDenseHigh
Protected Body,Protected Hands,RPE,RPE,Coverall Body,Protected Hands,RPE,RPE,indoorDenseHigh
Protected Body,Protected Hands,RPE,RPE,Rain Suit Body,Protected Hands,RPE,RPE,indoorDenseHigh
Protected Body,Protected Hands,RPE,RPE,Rain Suit Body,Protected Hands,Hood; RPE,RPE,indoorDenseHigh
Protected Body,None,RPE,RPE,Protected Body,None,None,None,indoorDenseHigh
Protected Body,None,RPE,RPE,Coverall Body,None,None,None,indoorDenseHigh
Protected Body,None,RPE,RPE,Protected Body,None,RPE,RPE,indoorDenseHigh
Protected Body,None,RPE,RPE,Coverall Body,None,RPE,RPE,indoorDenseHigh
Protected Body,None,RPE,RPE,Rain Suit Body,None,RPE,RPE,indoorDenseHigh
