,,,,,,,,
RPE reduction factor,,,,,,,,
"key_MixRPE, ay_MixRPE",ML,App,Worker,,Application: Gloves PPE reduction factor (depending on formulation type),,,
None,1,1,1,,"key_AppPPEHands, ay_AppPPEHands",ML,App,Worker
"FP1, P1 and similar",0.25,0.25,,,"Wettable powder, soluble powder + Chemical resistant gloves",0.05,0.1,0.1
"FP2, P2 and similar",0.1,0.1,,,"Granules, fine granules + Chemical resistant gloves",0.05,0.1,0.1
,,,,,"Wettable granules, soluble granules + Chemical resistant gloves",0.05,0.1,0.1
PPE reduction factor,,,,,"Soluble concentrates, emulsifiable concentrate, etc. + Chemical resistant gloves",0.1,0.1,0.1
"key_MixPPEBody, ay_MixPPEBody",ML,App,Worker,,"Wettable powder, soluble powder + None",1,1,1
Potential exposure,1,1,1,,"Granules, fine granules + None",1,1,1
"Work wear - arms, body and legs covered",0.1,0.1,0.1,,"Wettable granules, soluble granules + None",1,1,1
Certified protective coverall,0.05,0.05,,,"Soluble concentrates, emulsifiable concentrate, etc. + None",1,1,1
,,,,,,,,
PPE reduction factor,,,,,,,,
"key_MixPPEHead, ay_MixPPEHead",ML,App,Worker,,,,,
None,1,1,1,,,,,
Hood,NA,0.5,,,,,,
RPE,0.8,0.8,,,,,,
Faceshield,,0.55,,,,,,
Hood and visor,,0.05,,,,,,
,,,,,,,,
,,,,,,,,
,,,,,,,,
,,,,,,,,
,,,,,,,,
,,,,,,,,
,,,,,,,,
,,,,,,,,
,,,,,,,,
,,,,,,,,
,,,,,,,,
,,,,,,,,
,,,,,,,,
,,,,,,,,
,,,,,,,,
,,,,,,,,
,,,,,,,,
,,,,,,,,
,,,,,,,,
,,,,,,,,
,,,,,,,,
,,,,,,,,
,,,,,,,,
,,,,,,,,
,,,,,,,,
,,,,,,,,
,,,,,,,,
Resident Spray Drift,These values are the 75th Percentiles for Residents (assuming average breathing rates for inhalation exposures),,,,,,,
"key_ResidSpray, ay_ResidSpray",,,,,,,,
,Adults Dermal,Children Dermal,Adults Inhalation,Children Inhalation,,,,
Downward spraying2-3,0.47,0.33,0.00012,0.00016,,,,
Downward spraying5,0.24,0.22,0.00011,0.00012,,,,
Downward spraying10,0.2,0.18,0.0001,0.0001,,,,
Upward spraying2-3,NA,NA,NA,NA,,,,
Upward spraying5,5.63,1.689,0.0021,0.00103,,,,
Upward spraying10,5.63,1.689,0.0021,0.00103,,,,
,,,,,,,,
Bystander Spray Drift,These values are the 95th Percentiles for Bystanders (assuming high breathing rates for inhalation exposures),,,,,,,
"key_BySpray, ay_BySpray",,,,,,,,
,Adults Dermal,Children Dermal,Adults Inhalation,Children Inhalation,,,,
Downward spraying2-3,1.21,0.74,0.00066,0.00135,,,,
Downward spraying5,0.57,0.48,0.00064,0.001,,,,
Downward spraying10,0.48,0.39,0.00068,0.00091,,,,
Upward spraying2-3,NA,NA,NA,NA,,,,
Upward spraying5,12.9,3.87,0.0044,0.0032,,,,
Upward spraying10,12.9,3.87,0.0044,0.0032,,,,
,,,,,,,,
Mean Spray Drift,These values are the mean values (assuming average breathing rates for inhalation exposures),,,,,,,
"key_AvgSpray, ay_AvgSpray",,,,,,,,
,Adults Dermal,Children Dermal,Adults Inhalation,Children Inhalation,,,,
Downward spraying2-3,0.22,0.18,0.00011,0.00012,,,,
Downward spraying5,0.12,0.12,9E-05,0.0001,,,,
Downward spraying10,0.11,0.1,8E-05,8E-05,,,,
Upward spraying2-3,NA,NA,NA,NA,,,,
Upward spraying5,3.68,1.11,0.0017,0.00083,,,,
Upward spraying10,3.68,1.11,0.0017,0.00083,,,,
,,,,,,,,
,,,,,,,,
,,,,,,,,
Resident and bystander Surface Deposits Drift percentage,Ground sediments in % of the application rate calculated on the basis of percentile values (drift data acc. Rautmann),,,,,,,
"key_ByCropType, ay_ByCropType",,,,,,,,
key_ByCropType,Bystander surface deposit (90th Percentile),Resident surface deposit (77th Percentile),mean,,,,,
Field cropsNot relevant2-3,0.085,0.056,0.041,,,,,
Field cropsNot relevant5,0.035,0.023,0.018,,,,,
Field cropsNot relevant10,0.019,0.013,0.01,,,,,
Fruit cropsNot relevant2-3,0.292,0.2396,0.1896,,,,,
Fruit cropsNot relevant5,0.1989,0.1579,0.1169,,,,,
Fruit cropsNot relevant10,0.1181,0.0896,0.0607,,,,,
Fruit cropsEarly season2-3,0.292,0.2396,0.1896,,,,,
Fruit cropsEarly season5,0.1989,0.1579,0.1169,,,,,
Fruit cropsEarly season10,0.1181,0.0896,0.0607,,,,,
Fruit cropsLate season2-3,0.1573,0.1101,0.0696,,,,,
Fruit cropsLate season5,0.0841,0.0604,0.0373,,,,,
Fruit cropsLate season10,0.036,0.0267,0.016,,,,,
GrapesNot relevant2-3,0.0802,0.069,0.0525,,,,,
GrapesNot relevant5,0.0362,0.0307,0.0232,,,,,
GrapesNot relevant10,0.0123,0.0102,0.0077,,,,,
HopsNot relevant2-3,0.1933,0.1593,0.0995,,,,,
HopsNot relevant5,0.1157,0.0857,0.0591,,,,,
HopsNot relevant10,0.0577,0.037,0.0291,,,,,
